Code,Hex Code
FA 961,#FDFEFE
FA 962,#F2F3F4
FA 963,#E5E7E9
FA 964,#D7DBDD
FA 965,#CACFD2
FA 966,#BDC3C7
FA 967,#A6ACAF
FA 968,#909497
FA 969,#797D7F
FA 970,#626567
FA 971,#FADBD8
FA 972,#F5B7B1
FA 973,#F1948A
FA 974,#EC7063
FA 975,#E74C3C
FA 976,#CB4335
FA 977,#B03A2E
FA 978,#943126
FA 979,#78281F
FA 980,#641E16
FA 981,#D4EFDF
FA 982,#A9DFBF
FA 983,#7DCEA0
FA 984,#52BE80
FA 985,#27AE60
FA 986,#229954
FA 987,#1E8449
FA 988,#196F3D
FA 989,#145A32
FA 990,#0E6251
FA 991,#FCF3CF
FA 992,#F9E79F
FA 993,#F7DC6F
FA 994,#F4D03F
FA 995,#F1C40F
FA 996,#D4AC0D
FA 997,#B7950B
FA 998,#9A7D0A
FA 999,#7D6608
FA 1000,#7E5109
FA 1001,#D6EAF8
FA 1002,#AED6F1
FA 1003,#85C1E9
FA 1004,#5DADE2
FA 1005,#3498DB
FA 1006,#2E86C1
FA 1007,#2874A6
FA 1008,#21618C
FA 1009,#1B4F72
FA 1010,#1A5276
FA 1011,#EBDEF0
FA 1012,#D7BDE2
FA 1013,#C39BD3
FA 1014,#AF7AC5
FA 1015,#9B59B6
FA 1016,#884EA0
FA 1017,#76448A
FA 1018,#633974
FA 1019,#512E5F
FA 1020,#4A235A
FA 1021,#F6DDCC
FA 1022,#EDBB99
FA 1023,#E59866
FA 1024,#DC7633
FA 1025,#D35400
FA 1026,#BA4A00
FA 1027,#A04000
FA 1028,#873600
FA 1029,#6E2C00
FA 1030,#784212
FA 1031,#FAE5D3
FA 1032,#F5CBA7
FA 1033,#F0B27A
FA 1034,#EB984E
FA 1035,#E67E22
FA 1036,#CA6F1E
FA 1037,#AF601A
FA 1038,#935116
FA 1039,#784212
FA 1040,#7E5109
FA 1041,#D1F2EB
FA 1042,#A3E4D7
FA 1043,#76D7C4
FA 1044,#48C9B0
FA 1045,#1ABC9C
FA 1046,#17A589
FA 1047,#148F77
FA 1048,#117A65
FA 1049,#0E6655
FA 1050,#0B5345
FA 1051,#F8F9F9
FA 1052,#F4F6F6
FA 1053,#EAEDED
FA 1054,#E5E8E8
FA 1055,#D5DBDB
FA 1056,#CCD1D1
FA 1057,#BFC9CA
FA 1058,#B2BABB
FA 1059,#A6ACAF
FA 1060,#99A3A4
FA 1061,#FDEDEC
FA 1062,#FADBD8
FA 1063,#F5B7B1
FA 1064,#F1948A
FA 1065,#EC7063
FA 1066,#E74C3C
FA 1067,#CB4335
FA 1068,#B03A2E
FA 1069,#943126
FA 1070,#78281F
FA 1071,#EAF2F8
FA 1072,#D4E6F1
FA 1073,#A9CCE3
FA 1074,#7FB3D5
FA 1075,#5499C7
FA 1076,#2980B9
FA 1077,#2471A3
FA 1078,#1F618D
FA 1079,#1A5276
FA 1080,#154360
FA 1081,#E8F8F5
FA 1082,#D1F2EB
FA 1083,#A3E4D7
FA 1084,#76D7C4
FA 1085,#48C9B0
FA 1086,#1ABC9C
FA 1087,#17A589
FA 1088,#148F77
FA 1089,#117A65
FA 1090,#0E6655
FA 1091,#FEF9E7
FA 1092,#FCF3CF
FA 1093,#F9E79F
FA 1094,#F7DC6F
FA 1095,#F4D03F
FA 1096,#F1C40F
FA 1097,#D4AC0D
FA 1098,#B7950B
FA 1099,#9A7D0A
FA 1100,#7D6608
FA 1101,#F5EEF8
FA 1102,#EBDEF0
FA 1103,#D7BDE2
FA 1104,#C39BD3
FA 1105,#AF7AC5
FA 1106,#9B59B6
FA 1107,#884EA0
FA 1108,#76448A
FA 1109,#633974
FA 1110,#512E5F
FA 1111,#F4F6F7
FA 1112,#E5E8E8
FA 1113,#D5DBDB
FA 1114,#BFC9CA
FA 1115,#AAB7B8
FA 1116,#95A5A6
FA 1117,#839192
FA 1118,#717D7E
FA 1119,#616A6B
FA 1120,#515A5A
FA 1121,#FDEDEC
FA 1122,#FADBD8
FA 1123,#F5B7B1
FA 1124,#F1948A
FA 1125,#EC7063
FA 1126,#E74C3C
FA 1127,#CB4335
FA 1128,#B03A2E
FA 1129,#943126
FA 1130,#78281F
FA 1131,#FDF2E9
FA 1132,#FAE5D3
FA 1133,#F5CBA7
FA 1134,#F0B27A
FA 1135,#EB984E
FA 1136,#E67E22
FA 1137,#CA6F1E
FA 1138,#AF601A
FA 1139,#935116
FA 1140,#784212
FA 1141,#A020F0
FA 1142,#FF69B4
FA 1143,#FFB6C1
FA 1144,#2F4F4F
FA 1145,#708090
FA 1146,#D3D3D3
FA 1147,#DAA520
FA 1148,#F5DEB3
FA 1149,#FFFACD
FA 1150,#654321
FA 1151,#228B22
FA 1152,#90EE90
FA 1153,#98FB98
FA 1154,#FF8C00
FA 1155,#FFA500
FA 1156,#FFDAB9
FA 1157,#5F9EA0
FA 1158,#ADD8E6
FA 1159,#E0FFFF
FA 1160,#D2B48C
FA 1161,#C3B091
FA 1162,#F0E68C
FA 1163,#FFF8DC
FA 1164,#800080
FA 1165,#BA55D3
FA 1166,#DDA0DD
FA 1167,#FF4500
FA 1168,#FF7F50
FA 1169,#FFE4B5
FA 1170,#BDB76B
FA 1171,#4B0082
FA 1172,#556B2F
FA 1173,#FF1493
FA 1174,#2F2F4F
FA 1175,#8B4513
FA 1176,#32CD32
FA 1177,#FF0000
FA 1178,#3E2723
FA 1179,#008000
FA 1180,#191970
FA 1181,#FF4500
FA 1182,#FF00FF
FA 1183,#0000FF
FA 1184,#800000
FA 1185,#1C1C1C
FA 1186,#4A0404
FA 1187,#B8860B
FA 1188,#6B8E23
FA 1189,#A0522D
FA 1190,#2C2C2C
FA 1191,#4F4F4F
FA 1192,#2E4F4F
FA 1193,#8B0000
FA 1194,#006400
FA 1195,#FFFF00
FA 1196,#C71585
FA 1197,#004B23
FA 1198,#4B0082
FA 1199,#5C4033
FA 1200,#DC143C
FA 1201,#DAA520
FA 1202,#FFD700
FA 1203,#FFFACD
FA 1204,#006400
FA 1205,#66CDAA
FA 1206,#AFEEEE
FA 1207,#708090
FA 1208,#778899
FA 1209,#B0C4DE
FA 1210,#B8860B
FA 1211,#808080
FA 1212,#A9A9A9
FA 1213,#D3D3D3
FA 1214,#8A2BE2
FA 1215,#9370DB
FA 1216,#E6E6FA
FA 1217,#FF00FF
FA 1218,#EE82EE
FA 1219,#FFC0CB
FA 1220,#F5DEB3
FA 1221,#4A235A
FA 1222,#7D3C98
FA 1223,#AF7AC5
FA 1224,#0B5345
FA 1225,#117A65
FA 1226,#A3E4D7
FA 1227,#7D6608
FA 1228,#B7950B
FA 1229,#F9E79F
FA 1230,#FAD7A1
FA 1231,#9B59B6
FA 1232,#8E44AD
FA 1233,#C39BD3
FA 1234,#6E2C00
FA 1235,#A04000
FA 1236,#EDBB99
FA 1237,#0E6251
FA 1238,#45B39D
FA 1239,#A2D9CE
FA 1240,#2874A6
FA 1241,#D4AC0D
FA 1242,#F1C40F
FA 1243,#F7DC6F
FA 1244,#4A552C
FA 1245,#7A8754
FA 1246,#C1C9A9
FA 1247,#1B2631
FA 1248,#5D6D7E
FA 1249,#AEB6BF
FA 1250,#5DADE2
FA 1251,#212F3D
FA 1252,#34495E
FA 1253,#85929E
FA 1254,#F39C12
FA 1255,#F1C40F
FA 1256,#F9E79F
FA 1257,#D35400
FA 1258,#E67E22
FA 1259,#F0B27A
FA 1260,#85C1E9
FA 1261,#196F3D
FA 1262,#17202A
FA 1263,#C0392B
FA 1264,#641E16
FA 1265,#7DCE13
FA 1266,#1C2833
FA 1267,#BA4A00
FA 1268,#76448A
FA 1269,#922B21
FA 1270,#145A32
FA 1271,#CA6F1E
FA 1272,#A04000
FA 1273,#839192
FA 1274,#1A5276
FA 1275,#E74C3C
FA 1276,#D4AC0D
FA 1277,#0E6655
FA 1278,#A04000
FA 1279,#154360
FA 1280,#7B241C
FA 1281,#6C3483
FA 1282,#7E5109
FA 1283,#5B2C6F
FA 1284,#78281F
FA 1285,#229954
FA 1286,#1D8348
FA 1287,#F4D03F
FA 1288,#212F3C
FA 1289,#27AE60
FA 1290,#1B2631
FA 1291,#1ABC9C
FA 1292,#48C9B0
FA 1293,#A3E4D7
FA 1294,#424949
FA 1295,#7F8C8D
FA 1296,#D5DBDB
FA 1297,#F1C40F
FA 1298,#F7DC6F
FA 1299,#FCF3CF
FA 1300,#8E44AD
FA 1301,#512E5F
FA 1302,#9B59B6
FA 1303,#D2B4DE
FA 1304,#117864
FA 1305,#45B39D
FA 1306,#D1F2EB
FA 1307,#34495E
FA 1308,#85929E
FA 1309,#E5E8E8
FA 1310,#A569BD
FA 1311,#B9770E
FA 1312,#F5B041
FA 1313,#FAD7A1
FA 1314,#6E2C00
FA 1315,#A04000
FA 1316,#EDBB99
FA 1317,#E6B0AA
FA 1318,#F5CBA7
FA 1319,#FAE5D3
FA 1320,#D7BDE2
FA 1321,#F9EBEA
FA 1322,#F2D7D5
FA 1323,#E6B0AA
FA 1324,#D98880
FA 1325,#CD6155
FA 1326,#C0392B
FA 1327,#A93226
FA 1328,#922B21
FA 1329,#7B241C
FA 1330,#641E16
FA 1331,#F5EEF8
FA 1332,#EBDEF0
FA 1333,#D7BDE2
FA 1334,#C39BD3
FA 1335,#AF7AC5
FA 1336,#9B59B6
FA 1337,#884EA0
FA 1338,#76448A
FA 1339,#633974
FA 1340,#512E5F
FA 1341,#EAF2F8
FA 1342,#D4E6F1
FA 1343,#A9CCE3
FA 1344,#7FB3D5
FA 1345,#5499C7
FA 1346,#2980B9
FA 1347,#2471A3
FA 1348,#1F618D
FA 1349,#1A5276
FA 1350,#154360
FA 1351,#E8F8F5
FA 1352,#D1F2EB
FA 1353,#A3E4D7
FA 1354,#76D7C4
FA 1355,#48C9B0
FA 1356,#1ABC9C
FA 1357,#17A589
FA 1358,#148F77
FA 1359,#117A65
FA 1360,#0E6655
FA 1361,#FEF9E7
FA 1362,#FCF3CF
FA 1363,#F9E79F
FA 1364,#F7DC6F
FA 1365,#F4D03F
FA 1366,#F1C40F
FA 1367,#D4AC0D
FA 1368,#B7950B
FA 1369,#9A7D0A
FA 1370,#7D6608
FA 1371,#FDF2E9
FA 1372,#FAE5D3
FA 1373,#F5CBA7
FA 1374,#F0B27A
FA 1375,#EB984E
FA 1376,#E67E22
FA 1377,#CA6F1E
FA 1378,#AF601A
FA 1379,#935116
FA 1380,#784212
FA 1381,#FBEEE6
FA 1382,#F6DDCC
FA 1383,#EDBB99
FA 1384,#E59866
FA 1385,#DC7633
FA 1386,#D35400
FA 1387,#BA4A00
FA 1388,#A04000
FA 1389,#873600
FA 1390,#6E2C00
FA 1391,#F8F9F9
FA 1392,#F2F3F4
FA 1393,#E5E7E9
FA 1394,#D7DBDD
FA 1395,#CACFD2
FA 1396,#BDC3C7
FA 1397,#A6ACAF
FA 1398,#909497
FA 1399,#797D7F
FA 1400,#626567
FA 1401,#FDEDEC
FA 1402,#FADBD8
FA 1403,#F5B7B1
FA 1404,#F1948A
FA 1405,#EC7063
FA 1406,#E74C3C
FA 1407,#CB4335
FA 1408,#B03A2E
FA 1409,#943126
FA 1410,#78281F
FA 1411,#E8DAEF
FA 1412,#D2B4DE
FA 1413,#BB8FCE
FA 1414,#A569BD
FA 1415,#8E44AD
FA 1416,#7D3C98
FA 1417,#6C3483
FA 1418,#5B2C6F
FA 1419,#4A235A
FA 1420,#391B46
FA 1421,#D6EAF8
FA 1422,#AED6F1
FA 1423,#85C1E9
FA 1424,#5DADE2
FA 1425,#3498DB
FA 1426,#2E86C1
FA 1427,#2874A6
FA 1428,#21618C
FA 1429,#1B4F72
FA 1430,#154360
FA 1431,#D1F2EB
FA 1432,#A3E4D7
FA 1433,#76D7C4
FA 1434,#48C9B0
FA 1435,#1ABC9C
FA 1436,#17A589
FA 1437,#148F77
FA 1438,#117A65
FA 1439,#0E6655
FA 1440,#0B5345
FA 1441,#FCF3CF
FA 1442,#F9E79F
FA 1443,#F7DC6F
FA 1444,#F4D03F
FA 1445,#F1C40F
FA 1446,#D4AC0D
FA 1447,#B7950B
FA 1448,#9A7D0A
FA 1449,#7D6608
FA 1450,#7E5109
FA 1451,#FADBD8
FA 1452,#F5B7B1
FA 1453,#F1948A
FA 1454,#EC7063
FA 1455,#E74C3C
FA 1456,#CB4335
FA 1457,#B03A2E
FA 1458,#943126
FA 1459,#78281F
FA 1460,#641E16
FA 1461,#EAECEE
FA 1462,#D5D8DC
FA 1463,#ABB2B9
FA 1464,#808B96
FA 1465,#566573
FA 1466,#2C3E50
FA 1467,#273746
FA 1468,#212F3D
FA 1469,#1C2833
FA 1470,#17202A
FA 1471,#F4F6F6
FA 1472,#EAEDED
FA 1473,#D5DBDB
FA 1474,#BFC9CA
FA 1475,#A6ACAF
FA 1476,#839192
FA 1477,#717D7E
FA 1478,#515A5A
FA 1479,#424949
FA 1480,#2F3636
FA 1481,#F9EBEA
FA 1482,#F2D7D5
FA 1483,#E6B0AA
FA 1484,#D98880
FA 1485,#CD6155
FA 1486,#C0392B
FA 1487,#A93226
FA 1488,#922B21
FA 1489,#7B241C
FA 1490,#641E16
FA 1491,#EBDEF0
FA 1492,#D7BDE2
FA 1493,#C39BD3
FA 1494,#AF7AC5
FA 1495,#9B59B6
FA 1496,#884EA0
FA 1497,#76448A
FA 1498,#633974
FA 1499,#512E5F
FA 1500,#4A235A
FA 1501,#D4E6F1
FA 1502,#A9CCE3
FA 1503,#7FB3D5
FA 1504,#5499C7
FA 1505,#2980B9
FA 1506,#2471A3
FA 1507,#1F618D
FA 1508,#1A5276
FA 1509,#154360
FA 1510,#10344A
FA 1511,#D1F2EB
FA 1512,#A3E4D7
FA 1513,#76D7C4
FA 1514,#48C9B0
FA 1515,#1ABC9C
FA 1516,#17A589
FA 1517,#148F77
FA 1518,#117A65
FA 1519,#0E6655
FA 1520,#0B5345
FA 1521,#FCF3CF
FA 1522,#F9E79F
FA 1523,#F7DC6F
FA 1524,#F4D03F
FA 1525,#F1C40F
FA 1526,#D4AC0D
FA 1527,#B7950B
FA 1528,#9A7D0A
FA 1529,#7D6608
FA 1530,#625106
FA 1531,#FADBD8
FA 1532,#F5B7B1
FA 1533,#F1948A
FA 1534,#EC7063
FA 1535,#E74C3C
FA 1536,#CB4335
FA 1537,#B03A2E
FA 1538,#943126
FA 1539,#78281F
FA 1540,#641E16
FA 1541,#D6EAF8
FA 1542,#AED6F1
FA 1543,#85C1E9
FA 1544,#5DADE2
FA 1545,#3498DB
FA 1546,#2E86C1
FA 1547,#2874A6
FA 1548,#21618C
FA 1549,#1B4F72
FA 1550,#154360
FA 1551,#D5F5E3
FA 1552,#A9DFBF
FA 1553,#7DCEA0
FA 1554,#52BE80
FA 1555,#27AE60
FA 1556,#229954
FA 1557,#1E8449
FA 1558,#196F3D
FA 1559,#145A32
FA 1560,#0E6251
FA 1561,#F9E79F
FA 1562,#F7DC6F
FA 1563,#F4D03F
FA 1564,#F1C40F
FA 1565,#D4AC0D
FA 1566,#B7950B
FA 1567,#9A7D0A
FA 1568,#7D6608
FA 1569,#7E5109
FA 1570,#623E07
FA 1571,#E6B0AA
FA 1572,#D98880
FA 1573,#CD6155
FA 1574,#C0392B
FA 1575,#A93226
FA 1576,#922B21
FA 1577,#7B241C
FA 1578,#641E16
FA 1579,#4E1711
FA 1580,#3A110D
FA 1581,#C39BD3
FA 1582,#AF7AC5
FA 1583,#9B59B6
FA 1584,#884EA0
FA 1585,#76448A
FA 1586,#633974
FA 1587,#512E5F
FA 1588,#4A235A
FA 1589,#391B46
FA 1590,#281331
FA 1591,#D5DBDB
FA 1592,#CCD1D1
FA 1593,#BFC9CA
FA 1594,#B2BABB
FA 1595,#A6ACAF
FA 1596,#99A3A4
FA 1597,#839192
FA 1598,#717D7E
FA 1599,#616A6B
FA 1600,#515A5A
FA 1601,#FDEDEC
FA 1602,#FADBD8
FA 1603,#F5B7B1
FA 1604,#F1948A
FA 1605,#EC7063
FA 1606,#E74C3C
FA 1607,#CB4335
FA 1608,#B03A2E
FA 1609,#943126
FA 1610,#78281F
FA 1611,#D4E6F1
FA 1612,#A9CCE3
FA 1613,#7FB3D5
FA 1614,#5499C7
FA 1615,#2980B9
FA 1616,#2471A3
FA 1617,#1F618D
FA 1618,#1A5276
FA 1619,#154360
FA 1620,#10344A
FA 1621,#D1F2EB
FA 1622,#A3E4D7
FA 1623,#76D7C4
FA 1624,#48C9B0
FA 1625,#1ABC9C
FA 1626,#17A589
FA 1627,#148F77
FA 1628,#117A65
FA 1629,#0E6655
FA 1630,#0B5345
FA 1631,#FCF3CF
FA 1632,#F9E79F
FA 1633,#F7DC6F
FA 1634,#F4D03F
FA 1635,#F1C40F
FA 1636,#D4AC0D
FA 1637,#B7950B
FA 1638,#9A7D0A
FA 1639,#7D6608
FA 1640,#625106
FA 1641,#FADBD8
FA 1642,#F5B7B1
FA 1643,#F1948A
FA 1644,#EC7063
FA 1645,#E74C3C
FA 1646,#CB4335
FA 1647,#B03A2E
FA 1648,#943126
FA 1649,#78281F
FA 1650,#641E16
FA 1651,#D6EAF8
FA 1652,#AED6F1
FA 1653,#85C1E9
FA 1654,#5DADE2
FA 1655,#3498DB
FA 1656,#2E86C1
FA 1657,#2874A6
FA 1658,#21618C
FA 1659,#1B4F72
FA 1660,#154360
FA 1661,#D5F5E3
FA 1662,#A9DFBF
FA 1663,#7DCEA0
FA 1664,#52BE80
FA 1665,#27AE60
FA 1666,#229954
FA 1667,#1E8449
FA 1668,#196F3D
FA 1669,#145A32
FA 1670,#0E6251
FA 1671,#F9E79F
FA 1672,#F7DC6F
FA 1673,#F4D03F
FA 1674,#F1C40F
FA 1675,#D4AC0D
FA 1676,#B7950B
FA 1677,#9A7D0A
FA 1678,#7D6608
FA 1679,#7E5109
FA 1680,#623E07
FA 1681,#E6B0AA
FA 1682,#D98880
FA 1683,#CD6155
FA 1684,#C0392B
FA 1685,#A93226
FA 1686,#922B21
FA 1687,#7B241C
FA 1688,#641E16
FA 1689,#4E1711
FA 1690,#3A110D
FA 1691,#C39BD3
FA 1692,#AF7AC5
FA 1693,#9B59B6
FA 1694,#884EA0
FA 1695,#76448A
FA 1696,#633974
FA 1697,#512E5F
FA 1698,#4A235A
FA 1699,#391B46
FA 1700,#281331
FA 1701,#D5DBDB
FA 1702,#CCD1D1
FA 1703,#BFC9CA
FA 1704,#B2BABB
FA 1705,#A6ACAF
FA 1706,#99A3A4
FA 1707,#839192
FA 1708,#717D7E
FA 1709,#616A6B
FA 1710,#515A5A
FA 1711,#FDEDEC
FA 1712,#FADBD8
FA 1713,#F5B7B1
FA 1714,#F1948A
FA 1715,#EC7063
FA 1716,#E74C3C
FA 1717,#CB4335
FA 1718,#B03A2E
FA 1719,#943126
FA 1720,#78281F
FA 1721,#D4E6F1
FA 1722,#A9CCE3
FA 1723,#7FB3D5
FA 1724,#5499C7
FA 1725,#2980B9
FA 1726,#2471A3
FA 1727,#1F618D
FA 1728,#1A5276
FA 1729,#154360
FA 1730,#10344A
FA 1731,#D1F2EB
FA 1732,#A3E4D7
FA 1733,#76D7C4
FA 1734,#48C9B0
FA 1735,#1ABC9C
FA 1736,#17A589
FA 1737,#148F77
FA 1738,#117A65
FA 1739,#0E6655
FA 1740,#0B5345
FA 1741,#FCF3CF
FA 1742,#F9E79F
FA 1743,#F7DC6F
FA 1744,#F4D03F
FA 1745,#F1C40F
FA 1746,#D4AC0D
FA 1747,#B7950B
FA 1748,#9A7D0A
FA 1749,#7D6608
FA 1750,#625106
FA 1751,#FADBD8
FA 1752,#F5B7B1
FA 1753,#F1948A
FA 1754,#EC7063
FA 1755,#E74C3C
FA 1756,#CB4335
FA 1757,#B03A2E
FA 1758,#943126
FA 1759,#78281F
FA 1760,#641E16
FA 1761,#D6EAF8
FA 1762,#AED6F1
FA 1763,#85C1E9
FA 1764,#5DADE2
FA 1765,#3498DB
FA 1766,#2E86C1
FA 1767,#2874A6
FA 1768,#21618C
FA 1769,#1B4F72
FA 1770,#154360
FA 1771,#D5F5E3
FA 1772,#A9DFBF
FA 1773,#7DCEA0
FA 1774,#52BE80
FA 1775,#27AE60
FA 1776,#229954
FA 1777,#1E8449
FA 1778,#196F3D
FA 1779,#145A32
FA 1780,#0E6251
FA 1781,#F9E79F
FA 1782,#F7DC6F
FA 1783,#F4D03F
FA 1784,#F1C40F
FA 1785,#D4AC0D
FA 1786,#B7950B
FA 1787,#9A7D0A
FA 1788,#7D6608
FA 1789,#7E5109
FA 1790,#623E07
FA 1791,#E6B0AA
FA 1792,#D98880
FA 1793,#CD6155
FA 1794,#C0392B
FA 1795,#A93226
FA 1796,#922B21
FA 1797,#7B241C
FA 1798,#641E16
FA 1799,#4E1711
FA 1800,#3A110D
FA 1801,#C39BD3
FA 1802,#AF7AC5
FA 1803,#9B59B6
FA 1804,#884EA0
FA 1805,#76448A
FA 1806,#633974
FA 1807,#512E5F
FA 1808,#4A235A
FA 1809,#391B46
FA 1810,#281331
FA 1811,#D5DBDB
FA 1812,#CCD1D1
FA 1813,#BFC9CA
FA 1814,#B2BABB
FA 1815,#A6ACAF
FA 1816,#99A3A4
FA 1817,#839192
FA 1818,#717D7E
FA 1819,#616A6B
FA 1820,#515A5A
FA 1821,#FDEDEC
FA 1822,#FADBD8
FA 1823,#F5B7B1
FA 1824,#F1948A
FA 1825,#EC7063
FA 1826,#E74C3C
FA 1827,#CB4335
FA 1828,#B03A2E
FA 1829,#943126
FA 1830,#78281F
FA 1831,#D4E6F1
FA 1832,#A9CCE3
FA 1833,#7FB3D5
FA 1834,#5499C7
FA 1835,#2980B9
FA 1836,#2471A3
FA 1837,#1F618D
FA 1838,#1A5276
FA 1839,#154360
FA 1840,#10344A
FA 1841,#D1F2EB
FA 1842,#A3E4D7
FA 1843,#76D7C4
FA 1844,#48C9B0
FA 1845,#1ABC9C
FA 1846,#17A589
FA 1847,#148F77
FA 1848,#117A65
FA 1849,#0E6655
FA 1850,#0B5345
FA 1851,#FCF3CF
FA 1852,#F9E79F
FA 1853,#F7DC6F
FA 1854,#F4D03F
FA 1855,#F1C40F
FA 1856,#D4AC0D
FA 1857,#B7950B
FA 1858,#9A7D0A
FA 1859,#7D6608
FA 1860,#625106
FA 1861,#FADBD8
FA 1862,#F5B7B1
FA 1863,#F1948A
FA 1864,#EC7063
FA 1865,#E74C3C
FA 1866,#CB4335
FA 1867,#B03A2E
FA 1868,#943126
FA 1869,#78281F
FA 1870,#641E16
FA 1871,#D6EAF8
FA 1872,#AED6F1
FA 1873,#85C1E9
FA 1874,#5DADE2
FA 1875,#3498DB
FA 1876,#2E86C1
FA 1877,#2874A6
FA 1878,#21618C
FA 1879,#1B4F72
FA 1880,#154360
FA 1881,#D5F5E3
FA 1882,#A9DFBF
FA 1883,#7DCEA0
FA 1884,#52BE80
FA 1885,#27AE60
FA 1886,#229954
FA 1887,#1E8449
FA 1888,#196F3D
FA 1889,#145A32
FA 1890,#0E6251
FA 1891,#F9E79F
FA 1892,#F7DC6F
FA 1893,#F4D03F
FA 1894,#F1C40F
FA 1895,#D4AC0D
FA 1896,#B7950B
FA 1897,#9A7D0A
FA 1898,#7D6608
FA 1899,#7E5109
FA 1900,#623E07
FA 1901,#E6B0AA
FA 1902,#D98880
FA 1903,#CD6155
FA 1904,#C0392B
FA 1905,#A93226
FA 1906,#922B21
FA 1907,#7B241C
FA 1908,#641E16
FA 1909,#4E1711
FA 1910,#3A110D
FA 1911,#C39BD3
FA 1912,#AF7AC5
FA 1913,#9B59B6
FA 1914,#884EA0
FA 1915,#76448A
FA 1916,#633974
FA 1917,#512E5F
FA 1918,#4A235A
FA 1919,#391B46
FA 1920,#281331
FA 1921,#D5DBDB
FA 1922,#CCD1D1
FA 1923,#BFC9CA
FA 1924,#B2BABB
FA 1925,#A6ACAF
FA 1926,#99A3A4
FA 1927,#839192
FA 1928,#717D7E
FA 1929,#616A6B
FA 1930,#515A5A
FA 1931,#FDEDEC
FA 1932,#FADBD8
FA 1933,#F5B7B1
FA 1934,#F1948A
FA 1935,#EC7063
FA 1936,#E74C3C
FA 1937,#CB4335
FA 1938,#B03A2E
FA 1939,#943126
FA 1940,#78281F
FA 1941,#D4E6F1
FA 1942,#A9CCE3
FA 1943,#7FB3D5
FA 1944,#5499C7
FA 1945,#2980B9
FA 1946,#2471A3
FA 1947,#1F618D
FA 1948,#1A5276
FA 1949,#154360
FA 1950,#10344A
FA 1951,#D1F2EB
FA 1952,#A3E4D7
FA 1953,#76D7C4
FA 1954,#48C9B0
FA 1955,#1ABC9C
FA 1956,#17A589
FA 1957,#148F77
FA 1958,#117A65
FA 1959,#0E6655
FA 1960,#0B5345
FA 1961,#FCF3CF
FA 1962,#F9E79F
FA 1963,#F7DC6F
FA 1964,#F4D03F
FA 1965,#F1C40F
FA 1966,#D4AC0D
FA 1967,#B7950B
FA 1968,#9A7D0A
FA 1969,#7D6608
FA 1970,#625106
FA 1971,#FADBD8
FA 1972,#F5B7B1
FA 1973,#F1948A
FA 1974,#EC7063
FA 1975,#E74C3C
FA 1976,#CB4335
FA 1977,#B03A2E
FA 1978,#943126
FA 1979,#78281F
FA 1980,#641E16
FA 1981,#D6EAF8
FA 1982,#AED6F1
FA 1983,#85C1E9
FA 1984,#5DADE2
FA 1985,#3498DB
FA 1986,#2E86C1
FA 1987,#2874A6
FA 1988,#21618C
FA 1989,#1B4F72
FA 1990,#154360
FA 1991,#D5F5E3
FA 1992,#A9DFBF
FA 1993,#7DCEA0
FA 1994,#52BE80
FA 1995,#27AE60
FA 1996,#229954
FA 1997,#1E8449
FA 1998,#196F3D
FA 1999,#145A32
FA 2000,#0E6251
FA 2001,#F9E79F
FA 2002,#F7DC6F
FA 2003,#F4D03F
FA 2004,#F1C40F
FA 2005,#D4AC0D
FA 2006,#B7950B
FA 2007,#9A7D0A
FA 2008,#7D6608
FA 2009,#7E5109
FA 2010,#623E07
FA 2011,#E6B0AA
FA 2012,#D98880
FA 2013,#CD6155
FA 2014,#C0392B
FA 2015,#A93226
FA 2016,#922B21
FA 2017,#7B241C
FA 2018,#641E16
FA 2019,#4E1711
FA 2020,#3A110D
FA 2021,#C39BD3
FA 2022,#AF7AC5
FA 2023,#9B59B6
FA 2024,#884EA0
FA 2025,#76448A
FA 2026,#633974
FA 2027,#512E5F
FA 2028,#4A235A
FA 2029,#391B46
FA 2030,#281331
FA 2031,#D5DBDB
FA 2032,#CCD1D1
FA 2033,#BFC9CA
FA 2034,#B2BABB
FA 2035,#A6ACAF
FA 2036,#99A3A4
FA 2037,#839192
FA 2038,#717D7E
FA 2039,#616A6B
FA 2040,#515A5A
FA 2041,#FDEDEC
FA 2042,#FADBD8
FA 2043,#F5B7B1
FA 2044,#F1948A
FA 2045,#EC7063
FA 2046,#E74C3C
FA 2047,#CB4335
FA 2048,#B03A2E
FA 2049,#943126
FA 2050,#78281F
FA 2051,#D4E6F1
FA 2052,#A9CCE3
FA 2053,#7FB3D5
FA 2054,#5499C7
FA 2055,#2980B9
FA 2056,#2471A3
FA 2057,#1F618D
FA 2058,#1A5276
FA 2059,#154360
FA 2060,#10344A
FA 2061,#D1F2EB
FA 2062,#A3E4D7
FA 2063,#76D7C4
FA 2064,#48C9B0
FA 2065,#1ABC9C
FA 2066,#17A589
FA 2067,#148F77
FA 2068,#117A65
FA 2069,#0E6655
FA 2070,#0B5345
FA 2071,#FCF3CF
FA 2072,#F9E79F
FA 2073,#F7DC6F
FA 2074,#F4D03F
FA 2075,#F1C40F
FA 2076,#D4AC0D
FA 2077,#B7950B
FA 2078,#9A7D0A
FA 2079,#7D6608
FA 2080,#625106
FA 2081,#FADBD8
FA 2082,#F5B7B1
FA 2083,#F1948A
FA 2084,#EC7063
FA 2085,#E74C3C
FA 2086,#CB4335
FA 2087,#B03A2E
FA 2088,#943126
FA 2089,#78281F
FA 2090,#641E16
FA 2091,#D6EAF8
FA 2092,#AED6F1
FA 2093,#85C1E9
FA 2094,#5DADE2
FA 2095,#3498DB
FA 2096,#2E86C1
FA 2097,#2874A6
FA 2098,#21618C
FA 2099,#1B4F72
FA 2100,#154360
FA 2101,#D5F5E3
FA 2102,#A9DFBF
FA 2103,#7DCEA0
FA 2104,#52BE80
FA 2105,#27AE60
FA 2106,#229954
FA 2107,#1E8449
FA 2108,#196F3D
FA 2109,#145A32
FA 2110,#0E6251
FA 2111,#F9E79F
FA 2112,#F7DC6F
FA 2113,#F4D03F
FA 2114,#F1C40F
FA 2115,#D4AC0D
FA 2116,#B7950B
FA 2117,#9A7D0A
FA 2118,#7D6608
FA 2119,#7E5109
FA 2120,#623E07
FA 2121,#E6B0AA
FA 2122,#D98880
FA 2123,#CD6155
FA 2124,#C0392B
FA 2125,#A93226
FA 2126,#922B21
FA 2127,#7B241C
FA 2128,#641E16
FA 2129,#4E1711
FA 2130,#3A110D
FA 2131,#C39BD3
FA 2132,#AF7AC5
FA 2133,#9B59B6
FA 2134,#884EA0
FA 2135,#76448A
FA 2136,#633974
FA 2137,#512E5F
FA 2138,#4A235A
FA 2139,#391B46
FA 2140,#281331
FA 2141,#D5DBDB
FA 2142,#CCD1D1
FA 2143,#BFC9CA
FA 2144,#B2BABB
FA 2145,#A6ACAF
FA 2146,#99A3A4
FA 2147,#839192
FA 2148,#717D7E
FA 2149,#616A6B
FA 2150,#515A5A
FA 2151,#FDEDEC
FA 2152,#FADBD8
FA 2153,#F5B7B1
FA 2154,#F1948A
FA 2155,#EC7063
FA 2156,#E74C3C
FA 2157,#CB4335
FA 2158,#B03A2E
FA 2159,#943126
FA 2160,#78281F
FA 2161,#D4E6F1
FA 2162,#A9CCE3
FA 2163,#7FB3D5
FA 2164,#5499C7
FA 2165,#2980B9
FA 2166,#2471A3
FA 2167,#1F618D
FA 2168,#1A5276
FA 2169,#154360
FA 2170,#10344A
FA 2171,#D1F2EB
FA 2172,#A3E4D7
FA 2173,#76D7C4
FA 2174,#48C9B0
FA 2175,#1ABC9C
FA 2176,#17A589
FA 2177,#148F77
FA 2178,#117A65
FA 2179,#0E6655
FA 2180,#0B5345
FA 2181,#FCF3CF
FA 2182,#F9E79F
FA 2183,#F7DC6F
FA 2184,#F4D03F
FA 2185,#F1C40F
FA 2186,#D4AC0D
FA 2187,#B7950B
FA 2188,#9A7D0A
FA 2189,#7D6608
FA 2190,#625106
FA 2191,#FADBD8
FA 2192,#F5B7B1
FA 2193,#F1948A
FA 2194,#EC7063
FA 2195,#E74C3C
FA 2196,#CB4335
FA 2197,#B03A2E
FA 2198,#943126
FA 2199,#78281F
FA 2200,#641E16
FA 2201,#D6EAF8
FA 2202,#AED6F1
FA 2203,#85C1E9
FA 2204,#5DADE2
FA 2205,#3498DB
FA 2206,#2E86C1
FA 2207,#2874A6
FA 2208,#21618C
FA 2209,#1B4F72
FA 2210,#154360
FA 2211,#D5F5E3
FA 2212,#A9DFBF
FA 2213,#7DCEA0
FA 2214,#52BE80
FA 2215,#27AE60
FA 2216,#229954
FA 2217,#1E8449
FA 2218,#196F3D
FA 2219,#145A32
FA 2220,#0E6251
FA 2221,#F9E79F
FA 2222,#F7DC6F
FA 2223,#F4D03F
FA 2224,#F1C40F
FA 2225,#D4AC0D
FA 2226,#B7950B
FA 2227,#9A7D0A
FA 2228,#7D6608
FA 2229,#7E5109
FA 2230,#623E07
FA 2231,#E6B0AA
FA 2232,#D98880
FA 2233,#CD6155
FA 2234,#C0392B
FA 2235,#A93226
FA 2236,#922B21
FA 2237,#7B241C
FA 2238,#641E16
FA 2239,#4E1711
FA 2240,#3A110D
FA 2241,#C39BD3
FA 2242,#AF7AC5
FA 2243,#9B59B6
FA 2244,#884EA0
FA 2245,#76448A
FA 2246,#633974
FA 2247,#512E5F
FA 2248,#4A235A
FA 2249,#391B46
FA 2250,#281331
FA 2251,#D5DBDB
FA 2252,#CCD1D1
FA 2253,#BFC9CA
FA 2254,#B2BABB
FA 2255,#A6ACAF
FA 2256,#99A3A4
FA 2257,#839192
FA 2258,#717D7E
FA 2259,#616A6B
FA 2260,#515A5A
FA 2261,#FDEDEC
FA 2262,#FADBD8
FA 2263,#F5B7B1
FA 2264,#F1948A
FA 2265,#EC7063
FA 2266,#E74C3C
FA 2267,#CB4335
FA 2268,#B03A2E
FA 2269,#943126
FA 2270,#78281F
FA 2271,#D4E6F1
FA 2272,#A9CCE3
FA 2273,#7FB3D5
FA 2274,#5499C7
FA 2275,#2980B9
FA 2276,#2471A3
FA 2277,#1F618D
FA 2278,#1A5276
FA 2279,#154360
FA 2280,#10344A
FA 2281,#D1F2EB
FA 2282,#A3E4D7
FA 2283,#76D7C4
FA 2284,#48C9B0
FA 2285,#1ABC9C
FA 2286,#17A589
FA 2287,#148F77
FA 2288,#117A65
FA 2289,#0E6655
FA 2290,#0B5345
FA 2291,#FCF3CF
FA 2292,#F9E79F
FA 2293,#F7DC6F
FA 2294,#F4D03F
FA 2295,#F1C40F
FA 2296,#D4AC0D
FA 2297,#B7950B
FA 2298,#9A7D0A
FA 2299,#7D6608
FA 2300,#625106
FA 2301,#FADBD8
FA 2302,#F5B7B1
FA 2303,#F1948A
FA 2304,#EC7063
FA 2305,#E74C3C
FA 2306,#CB4335
FA 2307,#B03A2E
FA 2308,#943126
FA 2309,#78281F
FA 2310,#641E16
FA 2311,#D6EAF8
FA 2312,#AED6F1
FA 2313,#85C1E9
FA 2314,#5DADE2
FA 2315,#3498DB
FA 2316,#2E86C1
FA 2317,#2874A6
FA 2318,#21618C
FA 2319,#1B4F72
FA 2320,#154360
FA 2321,#D5F5E3
FA 2322,#A9DFBF
FA 2323,#7DCEA0
FA 2324,#52BE80
FA 2325,#27AE60
FA 2326,#229954
FA 2327,#1E8449
FA 2328,#196F3D
FA 2329,#145A32
FA 2330,#0E6251
FA 2331,#F9E79F
FA 2332,#F7DC6F
FA 2333,#F4D03F
FA 2334,#F1C40F
FA 2335,#D4AC0D
FA 2336,#B7950B
FA 2337,#9A7D0A
FA 2338,#7D6608
FA 2339,#7E5109
FA 2340,#623E07
FA 2341,#E6B0AA
FA 2342,#D98880
FA 2343,#CD6155
FA 2344,#C0392B
FA 2345,#A93226
FA 2346,#922B21
FA 2347,#7B241C
FA 2348,#641E16
FA 2349,#4E1711
FA 2350,#3A110D
FA 2351,#C39BD3
FA 2352,#AF7AC5
FA 2353,#9B59B6
FA 2354,#884EA0
FA 2355,#76448A
FA 2356,#633974
FA 2357,#512E5F
FA 2358,#4A235A
FA 2359,#391B46
FA 2360,#281331
FA 2361,#D5DBDB
FA 2362,#CCD1D1
FA 2363,#BFC9CA
FA 2364,#B2BABB
FA 2365,#A6ACAF
FA 2366,#99A3A4
FA 2367,#839192
FA 2368,#717D7E
FA 2369,#616A6B
FA 2370,#515A5A
FA 2371,#FDEDEC
FA 2372,#FADBD8
FA 2373,#F5B7B1
FA 2374,#F1948A
FA 2375,#EC7063
FA 2376,#E74C3C
FA 2377,#CB4335
FA 2378,#B03A2E
FA 2379,#943126
FA 2380,#78281F
FA 2381,#D4E6F1
FA 2382,#A9CCE3
FA 2383,#7FB3D5
FA 2384,#5499C7
FA 2385,#2980B9
FA 2386,#2471A3
FA 2387,#1F618D
FA 2388,#1A5276
FA 2389,#154360
FA 2390,#10344A
FA 2391,#D1F2EB
FA 2392,#A3E4D7
FA 2393,#76D7C4
FA 2394,#48C9B0
FA 2395,#1ABC9C
FA 2396,#17A589
FA 2397,#148F77
FA 2398,#117A65
FA 2399,#0E6655
FA 2400,#0B5345
FA 2401,#FCF3CF
FA 2402,#F9E79F
FA 2403,#F7DC6F
FA 2404,#F4D03F
FA 2405,#F1C40F
FA 2406,#D4AC0D
FA 2407,#B7950B
FA 2408,#9A7D0A
FA 2409,#7D6608
FA 2410,#625106
FA 2411,#FADBD8
FA 2412,#F5B7B1
FA 2413,#F1948A
FA 2414,#EC7063
FA 2415,#E74C3C
FA 2416,#CB4335
FA 2417,#B03A2E
FA 2418,#943126
FA 2419,#78281F
FA 2420,#641E16
FA 2421,#D6EAF8
FA 2422,#AED6F1
FA 2423,#85C1E9
FA 2424,#5DADE2
FA 2425,#3498DB
FA 2426,#2E86C1
FA 2427,#2874A6
FA 2428,#21618C
FA 2429,#1B4F72
FA 2430,#154360
FA 2431,#D5F5E3
FA 2432,#A9DFBF
FA 2433,#7DCEA0
FA 2434,#52BE80
FA 2435,#27AE60
FA 2436,#229954
FA 2437,#1E8449
FA 2438,#196F3D
FA 2439,#145A32
FA 2440,#0E6251
FA 2441,#F9E79F
FA 2442,#F7DC6F
FA 2443,#F4D03F
FA 2444,#F1C40F
FA 2445,#D4AC0D
FA 2446,#B7950B
FA 2447,#9A7D0A
FA 2448,#7D6608
FA 2449,#7E5109
FA 2450,#623E07
FA 2451,#E6B0AA
FA 2452,#D98880
FA 2453,#CD6155
FA 2454,#C0392B
FA 2455,#A93226
FA 2456,#922B21
FA 2457,#7B241C
FA 2458,#641E16
FA 2459,#4E1711
FA 2460,#3A110D
FA 2461,#C39BD3
FA 2462,#AF7AC5
FA 2463,#9B59B6
FA 2464,#884EA0
FA 2465,#76448A
FA 2466,#633974
FA 2467,#512E5F
FA 2468,#4A235A
FA 2469,#391B46
FA 2470,#281331
FA 2471,#D5DBDB
FA 2472,#CCD1D1
FA 2473,#BFC9CA
FA 2474,#B2BABB
FA 2475,#A6ACAF
FA 2476,#99A3A4
FA 2477,#839192
FA 2478,#717D7E
FA 2479,#616A6B
FA 2480,#515A5A
FA 2481,#FDEDEC
FA 2482,#FADBD8
FA 2483,#F5B7B1
FA 2484,#F1948A
FA 2485,#EC7063
FA 2486,#E74C3C
FA 2487,#CB4335
FA 2488,#B03A2E
FA 2489,#943126
FA 2490,#78281F
FA 2491,#D4E6F1
FA 2492,#A9CCE3
FA 2493,#7FB3D5
FA 2494,#5499C7
FA 2495,#2980B9
FA 2496,#2471A3
FA 2497,#1F618D
FA 2498,#1A5276
FA 2499,#154360
FA 2500,#10344A
FA 2501,#D1F2EB
FA 2502,#A3E4D7
FA 2503,#76D7C4
FA 2504,#48C9B0
FA 2505,#1ABC9C
FA 2506,#17A589
FA 2507,#148F77
FA 2508,#117A65
FA 2509,#0E6655
FA 2510,#0B5345
FA 2511,#FCF3CF
FA 2512,#F9E79F
FA 2513,#F7DC6F
FA 2514,#F4D03F
FA 2515,#F1C40F
FA 2516,#D4AC0D
FA 2517,#B7950B
FA 2518,#9A7D0A
FA 2519,#7D6608
FA 2520,#625106
FA 2521,#FADBD8
FA 2522,#F5B7B1
FA 2523,#F1948A
FA 2524,#EC7063
FA 2525,#E74C3C
FA 2526,#CB4335
FA 2527,#B03A2E
FA 2528,#943126
FA 2529,#78281F
FA 2530,#641E16
FA 2531,#D6EAF8
FA 2532,#AED6F1
FA 2533,#85C1E9
FA 2534,#5DADE2
FA 2535,#3498DB
FA 2536,#2E86C1
FA 2537,#2874A6
FA 2538,#21618C
FA 2539,#1B4F72
FA 2540,#154360
FA 2541,#D5F5E3
FA 2542,#A9DFBF
FA 2543,#7DCEA0
FA 2544,#52BE80
FA 2545,#27AE60
FA 2546,#229954
FA 2547,#1E8449
FA 2548,#196F3D
FA 2549,#145A32
FA 2550,#0E6251
FA 2551,#F9E79F
FA 2552,#F7DC6F
FA 2553,#F4D03F
FA 2554,#F1C40F
FA 2555,#D4AC0D
FA 2556,#B7950B
FA 2557,#9A7D0A
FA 2558,#7D6608
FA 2559,#7E5109
FA 2560,#623E07
FA 2561,#E6B0AA
FA 2562,#D98880
FA 2563,#CD6155
FA 2564,#C0392B
FA 2565,#A93226
FA 2566,#922B21
FA 2567,#7B241C
FA 2568,#641E16
FA 2569,#4E1711
FA 2570,#3A110D
FA 2571,#C39BD3
FA 2572,#AF7AC5
FA 2573,#9B59B6
FA 2574,#884EA0
FA 2575,#76448A
FA 2576,#633974
FA 2577,#512E5F
FA 2578,#4A235A
FA 2579,#391B46
FA 2580,#281331
FA 2581,#D5DBDB
FA 2582,#CCD1D1
FA 2583,#BFC9CA
FA 2584,#B2BABB
FA 2585,#A6ACAF
FA 2586,#99A3A4
FA 2587,#839192
FA 2588,#717D7E
FA 2589,#616A6B
FA 2590,#515A5A
FA 2591,#FDEDEC
FA 2592,#FADBD8
FA 2593,#F5B7B1
FA 2594,#F1948A
FA 2595,#EC7063
FA 2596,#E74C3C
FA 2597,#CB4335
FA 2598,#B03A2E
FA 2599,#943126
FA 2600,#78281F
FA 2601,#D4E6F1
FA 2602,#A9CCE3
FA 2603,#7FB3D5
FA 2604,#5499C7
FA 2605,#2980B9
FA 2606,#2471A3
FA 2607,#1F618D
FA 2608,#1A5276
FA 2609,#154360
FA 2610,#10344A
FA 2611,#D1F2EB
FA 2612,#A3E4D7
FA 2613,#76D7C4
FA 2614,#48C9B0
FA 2615,#1ABC9C
FA 2616,#17A589
FA 2617,#148F77
FA 2618,#117A65
FA 2619,#0E6655
FA 2620,#0B5345
FA 2621,#FCF3CF
FA 2622,#F9E79F
FA 2623,#F7DC6F
FA 2624,#F4D03F
FA 2625,#F1C40F
FA 2626,#D4AC0D
FA 2627,#B7950B
FA 2628,#9A7D0A
FA 2629,#7D6608
FA 2630,#625106
FA 2631,#FADBD8
FA 2632,#F5B7B1
FA 2633,#F1948A
FA 2634,#EC7063
FA 2635,#E74C3C
FA 2636,#CB4335
FA 2637,#B03A2E
FA 2638,#943126
FA 2639,#78281F
FA 2640,#641E16
FA 2641,#D6EAF8
FA 2642,#AED6F1
FA 2643,#85C1E9
FA 2644,#5DADE2
FA 2645,#3498DB
FA 2646,#2E86C1
FA 2647,#2874A6
FA 2648,#21618C
FA 2649,#1B4F72
FA 2650,#154360
FA 2651,#D5F5E3
FA 2652,#A9DFBF
FA 2653,#7DCEA0
FA 2654,#52BE80
FA 2655,#27AE60
FA 2656,#229954
FA 2657,#1E8449
FA 2658,#196F3D
FA 2659,#145A32
FA 2660,#0E6251
FA 2661,#F9E79F
FA 2662,#F7DC6F
FA 2663,#F4D03F
FA 2664,#F1C40F
FA 2665,#D4AC0D
FA 2666,#B7950B
FA 2667,#9A7D0A
FA 2668,#7D6608
FA 2669,#7E5109
FA 2670,#623E07
FA 2671,#F1948A
FA 2672,#E59866
FA 2673,#D4EFDF
FA 2674,#C39BD3
FA 2675,#F9E79F
FA 2676,#2E86C1
FA 2677,#A9DFBF
FA 2678,#D4AC0D
FA 2679,#F5B7B1
FA 2680,#AED6F1
FA 2681,#A3E4D7
FA 2682,#F4D03F
FA 2683,#F5CBA7
FA 2684,#85C1E9
FA 2685,#D5F5E3
FA 2686,#7D6608
FA 2687,#48C9B0
FA 2688,#EC7063
FA 2689,#58D68D
FA 2690,#5D6D7E
FA 2691,#F7DC6F
FA 2692,#A9DFBF
FA 2693,#AF7AC5
FA 2694,#7DCE13
FA 2695,#DC7633
FA 2696,#F4D03F
FA 2697,#A569BD
FA 2698,#B9770E
FA 2699,#6C3483
FA 2700,#7DCE13
FA 2701,#E67E22
FA 2702,#52BE80
FA 2703,#F1C40F
FA 2704,#2ECC71
FA 2705,#5DADE2
FA 2706,#7D6608
FA 2707,#7DCE13
FA 2708,#3498DB
FA 2709,#F4D03F
FA 2710,#E74C3C
FA 2711,#8E44AD
FA 2712,#16A085
FA 2713,#82E0AA
FA 2714,#E1BEE7
FA 2715,#ABEBC6
FA 2716,#C0392B
FA 2717,#F7DC6F
FA 2718,#EB984E
FA 2719,#A04000
FA 2720,#F1C40F
FA 2721,#D4AC0D
FA 2722,#E67E22
FA 2723,#F5B7B1
FA 2724,#F4D03F
FA 2725,#CA6F1E
FA 2726,#2874A6
FA 2727,#A3E4D7
FA 2728,#873600
FA 2729,#7DCE13
FA 2730,#EDBB99
FA 2731,#D2B4DE
FA 2732,#48C9B0
FA 2733,#DC7633
FA 2734,#7D3C98
FA 2735,#7D6608
FA 2736,#8E44AD
FA 2737,#E74C3C
FA 2738,#58D68D
FA 2739,#F5CBA7
FA 2740,#85929E
FA 2741,#AED6F1
FA 2742,#B9770E
FA 2743,#AF7AC5
FA 2744,#F1C40F
FA 2745,#F1948A
FA 2746,#85C1E9
FA 2747,#D5F5E3
FA 2748,#873600
FA 2749,#7DCE13
FA 2750,#C39BD3
FA 2751,#E59866
FA 2752,#A9DFBF
FA 2753,#BFC9CA
FA 2754,#FADBD8
FA 2755,#3498DB
FA 2756,#52BE80
FA 2757,#E74C3C
FA 2758,#F4D03F
FA 2759,#9B59B6
FA 2760,#D4AC0D
FA 2761,#FCF3CF
FA 2762,#F9E79F
FA 2763,#F7DC6F
FA 2764,#F4D03F
FA 2765,#F1C40F
FA 2766,#D4AC0D
FA 2767,#B7950B
FA 2768,#9A7D0A
FA 2769,#7D6608
FA 2770,#625106
FA 2771,#FADBD8
FA 2772,#F5B7B1
FA 2773,#F1948A
FA 2774,#EC7063
FA 2775,#E74C3C
FA 2776,#CB4335
FA 2777,#B03A2E
FA 2778,#943126
FA 2779,#78281F
FA 2780,#641E16
FA 2781,#D6EAF8
FA 2782,#AED6F1
FA 2783,#85C1E9
FA 2784,#5DADE2
FA 2785,#3498DB
FA 2786,#2E86C1
FA 2787,#2874A6
FA 2788,#21618C
FA 2789,#1B4F72
FA 2790,#154360
FA 2791,#D5F5E3
FA 2792,#A9DFBF
FA 2793,#7DCEA0
FA 2794,#52BE80
FA 2795,#27AE60
FA 2796,#229954
FA 2797,#1E8449
FA 2798,#196F3D
FA 2799,#145A32
FA 2800,#0E6251
FA 2801,#F9E79F
FA 2802,#F7DC6F
FA 2803,#F4D03F
FA 2804,#F1C40F
FA 2805,#D4AC0D
FA 2806,#B7950B
FA 2807,#9A7D0A
FA 2808,#7D6608
FA 2809,#7E5109
FA 2810,#623E07
FA 2811,#E6B0AA
FA 2812,#D98880
FA 2813,#CD6155
FA 2814,#C0392B
FA 2815,#A93226
FA 2816,#922B21
FA 2817,#7B241C
FA 2818,#641E16
FA 2819,#4E1711
FA 2820,#3A110D
FA 2821,#C39BD3
FA 2822,#AF7AC5
FA 2823,#9B59B6
FA 2824,#884EA0
FA 2825,#76448A
FA 2826,#633974
FA 2827,#512E5F
FA 2828,#4A235A
FA 2829,#391B46
FA 2830,#281331
FA 2831,#D5DBDB
FA 2832,#CCD1D1
FA 2833,#BFC9CA
FA 2834,#B2BABB
FA 2835,#A6ACAF
FA 2836,#99A3A4
FA 2837,#839192
FA 2838,#717D7E
FA 2839,#616A6B
FA 2840,#515A5A
FA 2841,#FDEDEC
FA 2842,#FADBD8
FA 2843,#F5B7B1
FA 2844,#F1948A
FA 2845,#EC7063
FA 2846,#E74C3C
FA 2847,#CB4335
FA 2848,#B03A2E
FA 2849,#943126
FA 2850,#78281F
FA 2851,#D4E6F1
FA 2852,#A9CCE3
FA 2853,#7FB3D5
FA 2854,#5499C7
FA 2855,#2980B9
FA 2856,#2471A3
FA 2857,#1F618D
FA 2858,#1A5276
FA 2859,#154360
FA 2860,#10344A
FA 2861,#D1F2EB
FA 2862,#A3E4D7
FA 2863,#76D7C4
FA 2864,#48C9B0
FA 2865,#1ABC9C
FA 2866,#17A589
FA 2867,#148F77
FA 2868,#117A65
FA 2869,#0E6655
FA 2870,#0B5345
FA 2871,#FCF3CF
FA 2872,#F9E79F
FA 2873,#F7DC6F
FA 2874,#F4D03F
FA 2875,#F1C40F
FA 2876,#D4AC0D
FA 2877,#B7950B
FA 2878,#9A7D0A
FA 2879,#7D6608
FA 2880,#625106
FA 2881,#FADBD8
FA 2882,#F5B7B1
FA 2883,#F1948A
FA 2884,#EC7063
FA 2885,#E74C3C
FA 2886,#CB4335
FA 2887,#B03A2E
FA 2888,#943126
FA 2889,#78281F
FA 2890,#641E16
FA 2891,#D6EAF8
FA 2892,#AED6F1
FA 2893,#85C1E9
FA 2894,#5DADE2
FA 2895,#3498DB
FA 2896,#2E86C1
FA 2897,#2874A6
FA 2898,#21618C
FA 2899,#1B4F72
FA 2900,#154360
FA 2901,#D5F5E3
FA 2902,#A9DFBF
FA 2903,#7DCEA0
FA 2904,#52BE80
FA 2905,#27AE60
FA 2906,#229954
FA 2907,#1E8449
FA 2908,#196F3D
FA 2909,#145A32
FA 2910,#0E6251
FA 2911,#F9E79F
FA 2912,#F7DC6F
FA 2913,#F4D03F
FA 2914,#F1C40F
FA 2915,#D4AC0D
FA 2916,#B7950B
FA 2917,#9A7D0A
FA 2918,#7D6608
FA 2919,#7E5109
FA 2920,#623E07
FA 2921,#E6B0AA
FA 2922,#D98880
FA 2923,#CD6155
FA 2924,#C0392B
FA 2925,#A93226
FA 2926,#922B21
FA 2927,#7B241C
FA 2928,#641E16
FA 2929,#4E1711
FA 2930,#3A110D
FA 2931,#C39BD3
FA 2932,#AF7AC5
FA 2933,#9B59B6
FA 2934,#884EA0
FA 2935,#76448A
FA 2936,#633974
FA 2937,#512E5F
FA 2938,#4A235A
FA 2939,#391B46
FA 2940,#281331
FA 2941,#D5DBDB
FA 2942,#CCD1D1
FA 2943,#BFC9CA
FA 2944,#B2BABB
FA 2945,#A6ACAF
FA 2946,#99A3A4
FA 2947,#839192
FA 2948,#717D7E
FA 2949,#616A6B
FA 2950,#515A5A
FA 2951,#FDEDEC
FA 2952,#FADBD8
FA 2953,#F5B7B1
FA 2954,#F1948A
FA 2955,#EC7063
FA 2956,#E74C3C
FA 2957,#CB4335
FA 2958,#B03A2E
FA 2959,#943126
FA 2960,#78281F
FA 2961,#D4E6F1
FA 2962,#A9CCE3
FA 2963,#7FB3D5
FA 2964,#5499C7
FA 2965,#2980B9
FA 2966,#2471A3
FA 2967,#1F618D
FA 2968,#1A5276
FA 2969,#154360
FA 2970,#10344A
FA 2971,#D1F2EB
FA 2972,#A3E4D7
FA 2973,#76D7C4
FA 2974,#48C9B0
FA 2975,#1ABC9C
FA 2976,#17A589
FA 2977,#148F77
FA 2978,#117A65
FA 2979,#0E6655
FA 2980,#0B5345
FA 2981,#FCF3CF
FA 2982,#F9E79F
FA 2983,#F7DC6F
FA 2984,#F4D03F
FA 2985,#F1C40F
FA 2986,#D4AC0D
FA 2987,#B7950B
FA 2988,#9A7D0A
FA 2989,#7D6608
FA 2990,#625106
FA 2991,#FADBD8
FA 2992,#F5B7B1
FA 2993,#F1948A
FA 2994,#EC7063
FA 2995,#E74C3C
FA 2996,#CB4335
FA 2997,#B03A2E
FA 2998,#943126
FA 2999,#78281F
FA 3000,#641E16
FA 3001,#D6EAF8
FA 3002,#AED6F1
FA 3003,#85C1E9
FA 3004,#5DADE2
FA 3005,#3498DB
FA 3006,#2E86C1
FA 3007,#2874A6
FA 3008,#21618C
FA 3009,#1B4F72
FA 3010,#154360
FA 3011,#D5F5E3
FA 3012,#A9DFBF
FA 3013,#7DCEA0
FA 3014,#52BE80
FA 3015,#27AE60
FA 3016,#229954
FA 3017,#1E8449
FA 3018,#196F3D
FA 3019,#145A32
FA 3020,#0E6251
FA 3021,#F9E79F
FA 3022,#F7DC6F
FA 3023,#F4D03F
FA 3024,#F1C40F
FA 3025,#D4AC0D
FA 3026,#B7950B
FA 3027,#9A7D0A
FA 3028,#7D6608
FA 3029,#7E5109
FA 3030,#623E07
FA 3031,#E6B0AA
FA 3032,#D98880
FA 3033,#CD6155
FA 3034,#C0392B
FA 3035,#A93226
FA 3036,#922B21
FA 3037,#7B241C
FA 3038,#641E16
FA 3039,#4E1711
FA 3040,#3A110D
FA 3041,#C39BD3
FA 3042,#AF7AC5
FA 3043,#9B59B6
FA 3044,#884EA0
FA 3045,#76448A
FA 3046,#633974
FA 3047,#512E5F
FA 3048,#4A235A
FA 3049,#391B46
FA 3050,#281331
FA 3051,#D5DBDB
FA 3052,#CCD1D1
FA 3053,#BFC9CA
FA 3054,#B2BABB
FA 3055,#A6ACAF
FA 3056,#99A3A4
FA 3057,#839192
FA 3058,#717D7E
FA 3059,#616A6B
FA 3060,#515A5A
FA 3061,#FDEDEC
FA 3062,#FADBD8
FA 3063,#F5B7B1
FA 3064,#F1948A
FA 3065,#EC7063
FA 3066,#E74C3C
FA 3067,#CB4335
FA 3068,#B03A2E
FA 3069,#943126
FA 3070,#78281F
FA 3071,#D4E6F1
FA 3072,#A9CCE3
FA 3073,#7FB3D5
FA 3074,#5499C7
FA 3075,#2980B9
FA 3076,#2471A3
FA 3077,#1F618D
FA 3078,#1A5276
FA 3079,#154360
FA 3080,#10344A
FA 3081,#D1F2EB
FA 3082,#A3E4D7
FA 3083,#76D7C4
FA 3084,#48C9B0
FA 3085,#1ABC9C
FA 3086,#17A589
FA 3087,#148F77
FA 3088,#117A65
FA 3089,#0E6655
FA 3090,#0B5345
FA 3091,#FCF3CF
FA 3092,#F9E79F
FA 3093,#F7DC6F
FA 3094,#F4D03F
FA 3095,#F1C40F
FA 3096,#D4AC0D
FA 3097,#B7950B
FA 3098,#9A7D0A
FA 3099,#7D6608
FA 3100,#625106
FA 3101,#FADBD8
FA 3102,#F5B7B1
FA 3103,#F1948A
FA 3104,#EC7063
FA 3105,#E74C3C
FA 3106,#CB4335
FA 3107,#B03A2E
FA 3108,#943126
FA 3109,#78281F
FA 3110,#641E16
FA 3111,#D6EAF8
FA 3112,#AED6F1
FA 3113,#85C1E9
FA 3114,#5DADE2
FA 3115,#3498DB
FA 3116,#2E86C1
FA 3117,#2874A6
FA 3118,#21618C
FA 3119,#1B4F72
FA 3120,#154360